{
  "solar": {
    "육상태양광": {
      "2024-01": 9.060965138649568,
      "2024-02": 10.42217143340391,
      "2024-03": 17.574205818947117,
      "2024-04": 20.292586003427772,
      "2024-05": 26.903995212740504,
      "2024-06": 27.92250575007147,
      "2024-07": 27.07865175831841,
      "2024-08": 20.461934547744704,
      "2024-09": 15.260417336939215,
      "2024-10": 11.312749187170933,
      "2024-11": 8.160130463207247,
      "2024-12": 7.590859606971938
    },
    "수상태양광1": {
      "2024-01": 33.92348894587516,
      "2024-02": 40.872223672173725,
      "2024-03": 67.26743445927077,
      "2024-04": 81.14128641412144,
      "2024-05": 106.11832049173934,
      "2024-06": 108.71139880034124,
      "2024-07": 105.50558896210266,
      "2024-08": 80.47355800125499,
      "2024-09": 59.20171675004515,
      "2024-10": 44.32809637813443,
      "2024-11": 30.493335279904986,
      "2024-12": 28.513017473606492
    },
    "수상태양광2": {
      "2024-01": 25.142291175551556,
      "2024-02": 28.917805913442304,
      "2024-03": 46.503389110735256,
      "2024-04": 54.95437250255909,
      "2024-05": 75.31507338763012,
      "2024-06": 75.77655551433728,
      "2024-07": 73.21170009737969,
      "2024-08": 57.6405732813759,
      "2024-09": 41.146437415676324,
      "2024-10": 30.549098131807213,
      "2024-11": 21.70233685920795,
      "2024-12": 20.678834905232883
    },
    "total": {
      "2024-01": 68.12674526007628,
      "2024-02": 80.21220101901994,
      "2024-03": 131.34502938895315,
      "2024-04": 156.3882449201083,
      "2024-05": 208.33738909210996,
      "2024-06": 212.41046006475,
      "2024-07": 205.79594081780078,
      "2024-08": 158.5760658303756,
      "2024-09": 115.60857150266068,
      "2024-10": 86.18994369711258,
      "2024-11": 60.35580260232018,
      "2024-12": 56.78271198581131
    }
  },
  "wind": {
    "군산해상풍력": {
      "2024-01": 117.95843326965822,
      "2024-02": 91.75206915340024,
      "2024-03": 170.3009920592071,
      "2024-04": 83.86403714098273,
      "2024-05": 163.56203979024664,
      "2024-06": 144.41137739402515,
      "2024-07": 158.79728663047024,
      "2024-08": 100.22316554232933,
      "2024-09": 70.864687553069,
      "2024-10": 66.08669613352434,
      "2024-11": 108.29589807431358,
      "2024-12": 133.99372439243757
    },
    "새만금해상풍력": {
      "2024-01": 8.096978004125564,
      "2024-02": 6.274998807762136,
      "2024-03": 11.850985387972642,
      "2024-04": 5.8656867850891645,
      "2024-05": 11.407397060511613,
      "2024-06": 10.069975366297445,
      "2024-07": 11.04417235851111,
      "2024-08": 6.979330802803982,
      "2024-09": 5.052184577850577,
      "2024-10": 4.6000657207838085,
      "2024-11": 7.448754878567942,
      "2024-12": 9.242552086332317
    },
    "서남해해상풍력": {
      "2024-01": 189.26021964958906,
      "2024-02": 147.87530282744729,
      "2024-03": 275.0089673540084,
      "2024-04": 138.3160102396024,
      "2024-05": 269.14654451122436,
      "2024-06": 238.07598108528043,
      "2024-07": 256.93576788539684,
      "2024-08": 162.45492692626243,
      "2024-09": 114.66524545571956,
      "2024-10": 108.673064209914,
      "2024-11": 173.588746304528,
      "2024-12": 214.90633655313565
    },
    "total": {
      "2024-01": 315.31563092337285,
      "2024-02": 245.90237078860966,
      "2024-03": 457.1609448011881,
      "2024-04": 228.0457341656743,
      "2024-05": 444.1159813619826,
      "2024-06": 392.55733384560307,
      "2024-07": 426.7772268743782,
      "2024-08": 269.65742327139577,
      "2024-09": 190.58211758663913,
      "2024-10": 179.35982606422215,
      "2024-11": 289.33339925740955,
      "2024-12": 358.1426130319055
    }
  },
  "demand": {
    "2024-01": 1223.48343828,
    "2024-02": 1138.0055394400001,
    "2024-03": 1211.145039496,
    "2024-04": 1182.413274744,
    "2024-05": 1227.809077048,
    "2024-06": 1388.098669552,
    "2024-07": 1444.5410334560002,
    "2024-08": 1443.6472490400001,
    "2024-09": 1176.3160031280001,
    "2024-10": 1223.775614712,
    "2024-11": 1174.3211762800001,
    "2024-12": 1212.9353250880001
  }
}