{
  "solar": {
    "solar_plant1": {
      "2024-01": 5.982567340723981,
      "2024-02": 5.814876050226244,
      "2024-03": 7.520283974660633,
      "2024-04": 7.294280325339366,
      "2024-05": 7.4026441642533936,
      "2024-06": 7.388310610859729,
      "2024-07": 7.846687576018098,
      "2024-08": 7.908538239366515,
      "2024-09": 7.223522439366516,
      "2024-10": 7.361013610859729,
      "2024-11": 6.977488053393665,
      "2024-12": 6.083571570135746
    },
    "solar_plant2": {
      "2024-01": 16.52226024723618,
      "2024-02": 15.099666693467336,
      "2024-03": 19.51780603417085,
      "2024-04": 19.067157732663315,
      "2024-05": 19.865183807035173,
      "2024-06": 20.1051860201005,
      "2024-07": 20.470378534673365,
      "2024-08": 20.779006613065324,
      "2024-09": 19.11690271356784,
      "2024-10": 20.025545825125626,
      "2024-11": 18.704451925628142,
      "2024-12": 16.05477616281407
    },
    "solar_plant3": {
      "2024-01": 10.92600792857143,
      "2024-02": 10.579357824489797,
      "2024-03": 12.983534387755101,
      "2024-04": 13.25411448367347,
      "2024-05": 13.318856014285716,
      "2024-06": 13.82013677755102,
      "2024-07": 14.011066959183674,
      "2024-08": 14.271080155102041,
      "2024-09": 12.998073808163264,
      "2024-10": 13.371191920408164,
      "2024-11": 12.579709934693879,
      "2024-12": 10.890451812244898
    }
  },
  "wind": {
    "wind_plant1": {
      "2024-01": 69.00744438798702,
      "2024-02": 65.37735798214285,
      "2024-03": 61.31874307305194,
      "2024-04": 57.5841502987013,
      "2024-05": 60.19411971428572,
      "2024-06": 33.19280831006493,
      "2024-07": 34.859785475649346,
      "2024-08": 34.75726215097403,
      "2024-09": 50.37884490097403,
      "2024-10": 52.06523374675324,
      "2024-11": 51.06707018668831,
      "2024-12": 69.40494073051947
    },
    "wind_plant2": {
      "2024-01": 4.21452872080537,
      "2024-02": 3.9308916362416104,
      "2024-03": 3.6250651067114097,
      "2024-04": 3.6252608744966444,
      "2024-05": 3.7116429161073827,
      "2024-06": 2.043941445637584,
      "2024-07": 2.064660996308725,
      "2024-08": 2.1324343627516775,
      "2024-09": 2.9696783218120806,
      "2024-10": 3.1605062862416107,
      "2024-11": 3.1444658456375842,
      "2024-12": 4.098920238255034
    },
    "wind_plant3": {
      "2024-01": 111.61500138059702,
      "2024-02": 102.54026577114429,
      "2024-03": 95.78162014925374,
      "2024-04": 93.1955158955224,
      "2024-05": 96.8747774875622,
      "2024-06": 53.28887557213931,
      "2024-07": 54.06499133084577,
      "2024-08": 56.19070779850747,
      "2024-09": 81.0079048756219,
      "2024-10": 84.16145799751244,
      "2024-11": 80.98067037313433,
      "2024-12": 111.0211102114428
    }
  }
}