{
  "solar": {
    "육상태양광": {
      "0": 0.0,
      "1": 0.0,
      "2": 0.0,
      "3": 0.0,
      "4": 0.0,
      "5": 0.0,
      "6": 0.005014638350518557,
      "7": 0.016349799882738058,
      "8": 0.030825280875804897,
      "9": 0.04379932793401985,
      "10": 0.05614607028399995,
      "11": 0.06336885753956821,
      "12": 0.06691199787026483,
      "13": 0.06808021781738782,
      "14": 0.06073569185497167,
      "15": 0.05155506740536395,
      "16": 0.041881399276304646,
      "17": 0.027743751567633822,
      "18": 0.014457614056266608,
      "19": 0.005155346098252214,
      "20": 0.0,
      "21": 0.0,
      "22": 0.0,
      "23": 0.0
    },
    "수상태양광1": {
      "0": 0.0,
      "1": 0.0,
      "2": 0.0,
      "3": 0.0,
      "4": 0.0,
      "5": 0.0,
      "6": 0.01961283625587462,
      "7": 0.06122584714282696,
      "8": 0.1195927841527088,
      "9": 0.17387147290837748,
      "10": 0.21031484712527068,
      "11": 0.24290632255033243,
      "12": 0.2627321085545405,
      "13": 0.2620440609596021,
      "14": 0.24073198941077187,
      "15": 0.21212908113516327,
      "16": 0.1657559923862314,
      "17": 0.10670695427973269,
      "18": 0.0534762492960175,
      "19": 0.017941709658315808,
      "20": 0.0,
      "21": 0.0,
      "22": 0.0,
      "23": 0.0
    },
    "수상태양광2": {
      "0": 0.0,
      "1": 0.0,
      "2": 0.0,
      "3": 0.0,
      "4": 0.0,
      "5": 0.0,
      "6": 0.011969192953585218,
      "7": 0.04278566028056101,
      "8": 0.08745442523955267,
      "9": 0.12308106341727064,
      "10": 0.15418016075635235,
      "11": 0.17163490730693767,
      "12": 0.1827098311725393,
      "13": 0.1791794561483859,
      "14": 0.1673066485716592,
      "15": 0.14576385608672954,
      "16": 0.11049784840761288,
      "17": 0.0776819902979754,
      "18": 0.03930443103727945,
      "19": 0.013386234047426417,
      "20": 0.0,
      "21": 0.0,
      "22": 0.0,
      "23": 0.0
    }
  },
  "wind": {
    "군산해상풍력": {
      "0": 0.08581801554113244,
      "1": 0.08373184409329018,
      "2": 0.07747599446255143,
      "3": 0.07815853615829693,
      "4": 0.07230430857335754,
      "5": 0.07751904778826842,
      "6": 0.07708712421333701,
      "7": 0.08542762369602011,
      "8": 0.09338406437055234,
      "9": 0.11786158100884613,
      "10": 0.13948033560286502,
      "11": 0.1788431011608611,
      "12": 0.2186021353840651,
      "13": 0.2587914014662413,
      "14": 0.31770581033195056,
      "15": 0.3437699892535167,
      "16": 0.36015374394222394,
      "17": 0.31624386610523036,
      "18": 0.25039168427901864,
      "19": 0.1861788202679498,
      "20": 0.13197743625513086,
      "21": 0.11572508693835164,
      "22": 0.09909215387723279,
      "23": 0.08703697045830018
    },
    "새만금해상풍력": {
      "0": 0.0059342782235767165,
      "1": 0.005666964272043021,
      "2": 0.005472881282528595,
      "3": 0.005345311291148644,
      "4": 0.00502514019189328,
      "5": 0.0053795109261923005,
      "6": 0.005425508924716741,
      "7": 0.005735329230424804,
      "8": 0.006571233594495743,
      "9": 0.00818822055857007,
      "10": 0.009676406693802033,
      "11": 0.012375260476795186,
      "12": 0.014963558604372342,
      "13": 0.01787540940995572,
      "14": 0.022319333752839135,
      "15": 0.024007461560642603,
      "16": 0.025180358321897345,
      "17": 0.021884166267969598,
      "18": 0.017422080922196947,
      "19": 0.012942107641208922,
      "20": 0.009226003489617555,
      "21": 0.00791318734453763,
      "22": 0.006942779406712331,
      "23": 0.006104233941393626
    },
    "서남해해상풍력": {
      "0": 0.14495508619996783,
      "1": 0.13599035642004953,
      "2": 0.12595977219298637,
      "3": 0.12243674178203875,
      "4": 0.11670774099590417,
      "5": 0.12751949027801612,
      "6": 0.12490407516447889,
      "7": 0.1322939474434349,
      "8": 0.15345230885809086,
      "9": 0.1940344472920924,
      "10": 0.22824347211204013,
      "11": 0.29257853202633366,
      "12": 0.35330167798649176,
      "13": 0.4237130289336008,
      "14": 0.5120602681509461,
      "15": 0.5556369113912025,
      "16": 0.5784066820413574,
      "17": 0.5170601477609319,
      "18": 0.40634790156510364,
      "19": 0.30461393060127095,
      "20": 0.2160550104798043,
      "21": 0.18663166919335575,
      "22": 0.15869706497162409,
      "23": 0.14224430720288944
    }
  }
}